{"accuracy": [0.030176565051078796, 0.050722312182188034, 0.08121990412473679, 0.11075441539287567, 0.16243980824947357, 0.22728732228279114, 0.26452648639678955, 0.33547350764274597, 0.3768860399723053, 0.4513643682003021, 0.4751203954219818, 0.5062600374221802, 0.5434991717338562, 0.5659711360931396, 0.6086677312850952, 0.6247190833091736, 0.6741573214530945, 0.6889245510101318, 0.7001605033874512, 0.7229534387588501, 0.7367576360702515, 0.7402889132499695, 0.7582664489746094, 0.7589085102081299, 0.7861958146095276, 0.7861958146095276, 0.7964686751365662, 0.7974317669868469, 0.8199036717414856, 0.8269662857055664], "loss": [9.938905715942383, 4.033589839935303, 4.117222785949707, 4.591070652008057, 3.4900083541870117, 3.227036476135254, 3.0426113605499268, 2.667619466781616, 3.1188127994537354, 2.4929442405700684, 2.179992914199829, 2.156195640563965, 2.099597692489624, 1.8758567571640015, 1.896219253540039, 1.6170586347579956, 1.6229900121688843, 1.6890381574630737, 1.5591541528701782, 1.6727503538131714, 1.328214168548584, 1.6008660793304443, 1.3587342500686646, 1.2866809368133545, 1.15775728225708, 1.1514760255813599, 1.1008057594299316, 1.4374396800994873, 1.0076892375946045, 0.9373962879180908], "val_accuracy": [0.07977207750082016, 0.04273504391312599, 0.1310541331768036, 0.16809116303920746, 0.16809116303920746, 0.4643874764442444, 0.5498575568199158, 0.5299145579338074, 0.2877492904663086, 0.6182336211204529, 0.6752136945724487, 0.6239316463470459, 0.49857550859451294, 0.6723646521568298, 0.752136766910553, 0.7635327577590942, 0.7378917336463928, 0.8490028381347656, 0.6894586682319641, 0.7378917336463928, 0.8233618140220642, 0.7407407164573669, 0.9002848863601685, 0.874643862247467, 0.8860399127006531, 0.8717948794364929, 0.8974359035491943, 0.9287749528884888, 0.9116809368133545, 0.8689458966255188], "val_loss": [3.5575287342071533, 6.476266384124756, 3.237287998199463, 3.475090742111206, 3.8902056217193604, 2.434725046157837, 2.1010591983795166, 2.0797319412231445, 7.1326775550842285, 1.7884079217910767, 1.5357234477996826, 1.6566617488861084, 3.530763864517212, 1.6822584867477417, 1.253377079963684, 1.3545957803726196, 1.5678316354751587, 0.8917809128761292, 1.9756419658660889, 1.5683289766311646, 0.9932093620300293, 2.0859439373016357, 0.8237534165382385, 1.2785204648971558, 1.1065376996994019, 1.2490721940994263, 1.1958190202713013, 1.2553255558013916, 0.9758539199829102, 1.3503425121307373]}